{
    "Define Variable": {
        "avg_failures": 0.049227853041199754,
        "avg_hints": 0.022272397836873504,
        "avg_corrects": 0.9709538941852026
    },
    "Using small numbers": {
        "avg_failures": 0.8055805641949038,
        "avg_hints": 0.7922068532765861,
        "avg_corrects": 0.8468038958913091
    },
    "Write expression, positive slope": {
        "avg_failures": 0.970240528754429,
        "avg_hints": 1.2804067865903515,
        "avg_corrects": 0.923061460888526
    },
    "Using difficult numbers": {
        "avg_failures": 0.8614374865504622,
        "avg_hints": 0.9280853238648591,
        "avg_corrects": 0.8287282117495158
    },
    "Entering a given": {
        "avg_failures": 0.366008680047748,
        "avg_hints": 0.17353909578883295,
        "avg_corrects": 0.9261079314133972
    },
    "Remove coefficient": {
        "avg_failures": 0.2318832162954556,
        "avg_hints": 0.20504725847637956,
        "avg_corrects": 0.8083212157752768
    },
    "Remove positive coefficient": {
        "avg_failures": 0.09603284310037861,
        "avg_hints": 0.042721419794879506,
        "avg_corrects": 0.7922998319917708
    },
    "Find X, Simple": {
        "avg_failures": 0.5161425576519917,
        "avg_hints": 0.22680817610062892,
        "avg_corrects": 0.8969077568134176
    },
    "Find Y, Simple": {
        "avg_failures": 0.5024057217165149,
        "avg_hints": 0.17130472475075859,
        "avg_corrects": 0.8127980060684875
    },
    "Identifying units": {
        "avg_failures": 0.30254426875971635,
        "avg_hints": 0.08123838774504227,
        "avg_corrects": 0.9758180715125315
    },
    "Eliminate Parens": {
        "avg_failures": 0.2155783152129709,
        "avg_hints": 0.15911666621478732,
        "avg_corrects": 0.7705898833247492
    },
    "Write expression, ratio": {
        "avg_failures": 1.103448275862069,
        "avg_hints": 3.0344827586206895,
        "avg_corrects": 0.9655172413793104
    },
    "Convert unit, standard": {
        "avg_failures": 0.6938107489994283,
        "avg_hints": 0.5267295597484277,
        "avg_corrects": 0.9123356203544885
    },
    "Remove constant": {
        "avg_failures": 0.21937775391193504,
        "avg_hints": 0.16918127891921184,
        "avg_corrects": 0.7986720164072177
    },
    "Find X, positive slope": {
        "avg_failures": 0.6362053571428571,
        "avg_hints": 0.38298363095238097,
        "avg_corrects": 0.8537351190476203
    },
    "Labelling the axes": {
        "avg_failures": 0.15958463136033235,
        "avg_hints": 0.03267133956386293,
        "avg_corrects": 0.8980870790683843
    },
    "Changing axis bounds": {
        "avg_failures": 0.5855244035363932,
        "avg_hints": 0.12675003027734044,
        "avg_corrects": 1.096805596405933
    },
    "Changing axis intervals": {
        "avg_failures": 0.0,
        "avg_hints": 0.0,
        "avg_corrects": 2.037322807911041
    },
    "Correctly placing points": {
        "avg_failures": 0.0,
        "avg_hints": 2.244369780432497,
        "avg_corrects": 0.0
    },
    "Find Y, positive slope": {
        "avg_failures": 0.7913483951945489,
        "avg_hints": 0.3023130715438408,
        "avg_corrects": 0.701174466559082
    },
    "Using simple numbers": {
        "avg_failures": 0.8113973458235757,
        "avg_hints": 0.7209086093453779,
        "avg_corrects": 0.8462292293966792
    },
    "Using large numbers": {
        "avg_failures": 0.8766335466487032,
        "avg_hints": 0.791414056360166,
        "avg_corrects": 0.8267205568653854
    },
    "ax+b=c, negative": {
        "avg_failures": 0.25,
        "avg_hints": 0.0,
        "avg_corrects": 0.8714285714285713
    },
    "Write expression, negative slope": {
        "avg_failures": 1.2640677966101694,
        "avg_hints": 1.4233521657250472,
        "avg_corrects": 0.9167984934086634
    },
    "Find X, negative slope": {
        "avg_failures": 0.6775362318840582,
        "avg_hints": 0.39180164819551005,
        "avg_corrects": 0.8432225063938626
    },
    "Find Y, negative slope": {
        "avg_failures": 1.1764187866927596,
        "avg_hints": 0.47879973907371165,
        "avg_corrects": 0.6352250489236789
    },
    "Consolidate vars, any": {
        "avg_failures": 0.4738795221980506,
        "avg_hints": 0.5462830352106999,
        "avg_corrects": 0.7062233099669627
    },
    "Isolate positive": {
        "avg_failures": 0.25,
        "avg_hints": 0.0,
        "avg_corrects": 0.625
    },
    "Convert unit, mixed": {
        "avg_failures": 0.8284789644012944,
        "avg_hints": 0.6132686084142396,
        "avg_corrects": 0.8899676375404532
    },
    "Variable in denominator": {
        "avg_failures": 0.5333507125477928,
        "avg_hints": 0.4463156065345847,
        "avg_corrects": 0.8026652266746129
    },
    "Isolate negative": {
        "avg_failures": 0.0,
        "avg_hints": 0.0,
        "avg_corrects": 0.5333333333333333
    },
    "Select Multiply": {
        "avg_failures": 0.039205526770293604,
        "avg_hints": 0.004145077720207254,
        "avg_corrects": 0.8956291635825322
    },
    "Consolidate vars with coeff": {
        "avg_failures": 0.08047019005263113,
        "avg_hints": 0.07158387650893001,
        "avg_corrects": 0.7203492795569888
    },
    "Find Y, any form": {
        "avg_failures": 0.9533333333333333,
        "avg_hints": 0.6211014492753623,
        "avg_corrects": 0.472376811594203
    },
    "Select Eliminate Parens": {
        "avg_failures": 0.16180000000000003,
        "avg_hints": 0.0636,
        "avg_corrects": 0.9444428571428573
    },
    "Consolidate vars, no coeff": {
        "avg_failures": 0.1185267857142857,
        "avg_hints": 0.10468705177854273,
        "avg_corrects": 0.8176343767928858
    },
    "Select Combine Terms": {
        "avg_failures": 0.0728747340860743,
        "avg_hints": 0.02396907216494845,
        "avg_corrects": 0.86384593356243
    },
    "done no solutions": {
        "avg_failures": 0.9726190476190475,
        "avg_hints": 0.8928571428571429,
        "avg_corrects": 0.0
    },
    "Done?": {
        "avg_failures": 0.8050809523809522,
        "avg_hints": 0.428,
        "avg_corrects": 0.0
    },
    "Remove negative coefficient": {
        "avg_failures": 0.09523809523809523,
        "avg_hints": 0.0,
        "avg_corrects": 0.8095238095238095
    },
    "Add/Subtract": {
        "avg_failures": 0.4204110402883928,
        "avg_hints": 0.1244222578014077,
        "avg_corrects": 1.4138756306075055
    },
    "Multiply/Divide": {
        "avg_failures": 0.3205530607789938,
        "avg_hints": 0.1336321867756052,
        "avg_corrects": 1.4990564027401025
    },
    "Calculate Eliminate Parens": {
        "avg_failures": 0.35368967452300787,
        "avg_hints": 0.2728956228956229,
        "avg_corrects": 1.4665063331729993
    },
    "combine-like-terms-sp": {
        "avg_failures": 1.2268128255073427,
        "avg_hints": 0.22367379501844284,
        "avg_corrects": 1.3528416704656863
    },
    "simplify-fractions-sp": {
        "avg_failures": 1.1735146554000528,
        "avg_hints": 0.3430881964615788,
        "avg_corrects": 1.4145798491916792
    },
    "perform-mult-r-sp": {
        "avg_failures": 1.428014375561545,
        "avg_hints": 0.5494788858939803,
        "avg_corrects": 2.1878840970350417
    },
    "Calculate negative coefficient": {
        "avg_failures": 0.6924466338259442,
        "avg_hints": 0.40229885057471265,
        "avg_corrects": 1.4987000547345382
    },
    "distribute-sp": {
        "avg_failures": 1.06825088411876,
        "avg_hints": 0.2064478986758779,
        "avg_corrects": 1.1723568961263262
    },
    "perform-mult-sp": {
        "avg_failures": 1.250198719364098,
        "avg_hints": 0.18845281028434036,
        "avg_corrects": 1.413565049925172
    },
    "perform-mult-row2-sp": {
        "avg_failures": 0.2506595881595881,
        "avg_hints": 0.055345651774223195,